Name,Email,Phone Number
William Anderson,williamanderson937@hotmail.com,09283513149
Grace Martinez,gracemartinez420@outlook.com,09701741823
Liam Walker,liamwalker131@hotmail.com,09816650948
Benjamin Brown,benjaminbrown193@hotmail.com,09687156086
Sofia Martin,sofiamartin794@outlook.com,09256226419
Oliver Rodriguez,oliverrodriguez45@hotmail.com,09867398853
Noah Walker,noahwalker91@gmail.com,09223371971
Noah Thompson,noahthompson211@gmail.com,09850075937
Amelia Hall,ameliahall593@hotmail.com,09710157443
William Robinson,williamrobinson43@outlook.com,09346193619
Liam Harris,liamharris713@yahoo.com,09593560929
Lucas Rodriguez,lucasrodriguez432@outlook.com,09612469010
Aria Clark,ariaclark615@outlook.com,09752999917
Scarlett Taylor,scarletttaylor243@gmail.com,09679990277
Alexander Jackson,alexanderjackson888@yahoo.com,09126499986
Lucas Hall,lucashall785@gmail.com,09991493055
Henry Rodriguez,henryrodriguez52@outlook.com,09754979993
Benjamin Thompson,benjaminthompson182@yahoo.com,09329044847
Elijah White,elijahwhite577@outlook.com,09699183322
Abigail Garcia,abigailgarcia513@hotmail.com,09921204689
Evelyn Jackson,evelynjackson527@outlook.com,09717314370
Elijah Smith,elijahsmith979@yahoo.com,09791057504
Alexander Harris,alexanderharris29@outlook.com,09266774864
Amelia Hall,ameliahall12@hotmail.com,09613032217
Lucas Walker,lucaswalker103@gmail.com,09813297199
Scarlett Martinez,scarlettmartinez173@gmail.com,09461109942
Benjamin Martin,benjaminmartin666@hotmail.com,09523701906
Lucas Martinez,lucasmartinez711@outlook.com,09293983174
Liam Rodriguez,liamrodriguez132@gmail.com,09354727896
Grace Taylor,gracetaylor400@outlook.com,09162895407
